session,participant_code,participant_label,uid,choice,Payout_High,Payout_Middle,Payout_Low,Left_High,Left_Middle,Left_low,Right_High,Right_Middle,Right_Low,Page_Time,Time_Started_UTC,Survey_ID
rwry9q0f,82iozogt,,Q_68,A,$50,$20,$10,0.8,0.2,0.0,0.6,0.3,0.1,14.291086196899414,1711496893.1874244,Part 1
rwry9q0f,82iozogt,,Q_24,B,$100,$50,$20,0.4,0.55,0.05,0.55,0.3,0.15,3.08225417137146,1711496907.5543497,Part 1
vivu9vh6,48m5ryt6,,Q_68,A,$50,$20,$10,0.8,0.2,0.0,0.6,0.3,0.1,2.4466261863708496,1711590039.5781205,Part 1
ddxl64i3,z2qkh69c,,Q_65,A,$100,$50,$20,0.1,0.3,0.6,0.25,0.25,0.5,2.21481990814209,1711590090.3085704,Part 1
ti17lus4,rebk4bks,,Q_66,A,$250,$100,$50,0.0,0.3,0.7,0.1,0.3,0.6,2.275846481323242,1711590182.3205152,Part 1
ti17lus4,rebk4bks,,Q_50,A,$100,$75,$20,0.5,0.3,0.2,0.0,1.0,0.0,1.402815580368042,1711590184.6868668,Part 1
ti17lus4,rebk4bks,,Q_36,A,$100,$50,$20,0.0,0.25,0.75,0.2,0.0,0.8,1.95098090171814,1711590186.1705174,Part 1
nakpjpbz,p1p9z04g,,Q_67,A,$100,$75,$20,0.4,0.1,0.5,0.2,0.0,0.8,659.5350480079651,1711590489.3889709,Part 1
